https://stats.nba.com/player/203518/, Abrines, Alex
https://stats.nba.com/player/203112/, Acy, Quincy
https://stats.nba.com/player/1629121/, Adams, Jaylen
https://stats.nba.com/player/203500/, Adams, Steven
https://stats.nba.com/player/1628389/, Adebayo, Bam
https://stats.nba.com/player/1629061/, Adel, Deng
https://stats.nba.com/player/1629152/, Akoon-Purcell, DeVaughn
https://stats.nba.com/player/200746/, Aldridge, LaMarcus
https://stats.nba.com/player/1628959/, Alkins, Rawle
https://stats.nba.com/player/1628960/, Allen, Grayson
https://stats.nba.com/player/1628386/, Allen, Jarrett
https://stats.nba.com/player/1628443/, Allen, Kadeem
https://stats.nba.com/player/202329/, Aminu, Al-Farouq
https://stats.nba.com/player/1626147/, Anderson, Justin
https://stats.nba.com/player/203937/, Anderson, Kyle
https://stats.nba.com/player/201583/, Anderson, Ryan
https://stats.nba.com/player/1628387/, Anigbogu, Ike
https://stats.nba.com/player/203507/, Antetokounmpo, Giannis
https://stats.nba.com/player/1628961/, Antetokounmpo, Kostas
https://stats.nba.com/player/2546/, Anthony, Carmelo
https://stats.nba.com/player/1628384/, Anunoby, OG
https://stats.nba.com/player/1627853/, Arcidiacono, Ryan
https://stats.nba.com/player/2772/, Ariza, Trevor
https://stats.nba.com/player/201571/, Augustin, D.J.
https://stats.nba.com/player/1629028/, Ayton, Deandre
https://stats.nba.com/player/1628407/, Bacon, Dwayne
https://stats.nba.com/player/1628963/, Bagley III, Marvin
https://stats.nba.com/player/1627758/, Baker, Ron
https://stats.nba.com/player/1627735/, Baldwin IV, Wade
https://stats.nba.com/player/1628366/, Ball, Lonzo
https://stats.nba.com/player/1628964/, Bamba, Mo
https://stats.nba.com/player/200826/, Barea, J.J.
https://stats.nba.com/player/203084/, Barnes, Harrison
https://stats.nba.com/player/203115/, Barton, Will
https://stats.nba.com/player/1628966/, Bates-Diop, Keita
https://stats.nba.com/player/201587/, Batum, Nicolas
https://stats.nba.com/player/201573/, Bayless, Jerryd
https://stats.nba.com/player/203382/, Baynes, Aron
https://stats.nba.com/player/203145/, Bazemore, Kent
https://stats.nba.com/player/203078/, Beal, Bradley
https://stats.nba.com/player/1627736/, Beasley, Malik
https://stats.nba.com/player/201563/, Beasley, Michael
https://stats.nba.com/player/201158/, Belinelli, Marco
https://stats.nba.com/player/1628395/, Bell, Jordan
https://stats.nba.com/player/1627761/, Bembry, DeAndre'
https://stats.nba.com/player/1627733/, Bender, Dragan
https://stats.nba.com/player/1629541/, Bertans, Dairis
https://stats.nba.com/player/202722/, Bertans, Davis
https://stats.nba.com/player/201976/, Beverley, Patrick
https://stats.nba.com/player/1629167/, Bibbs, Justin
https://stats.nba.com/player/203920/, Birch, Khem
https://stats.nba.com/player/202687/, Biyombo, Bismack
https://stats.nba.com/player/202357/, Bjelica, Nemanja
https://stats.nba.com/player/1628469/, Blakeney, Antonio
https://stats.nba.com/player/202339/, Bledsoe, Eric
https://stats.nba.com/player/1628417/, Blossomgame, Jaron
https://stats.nba.com/player/1629129/, Bluiett, Trevon
https://stats.nba.com/player/203992/, Bogdanovic, Bogdan
https://stats.nba.com/player/202711/, Bogdanovic, Bojan
https://stats.nba.com/player/101106/, Bogut, Andrew
https://stats.nba.com/player/1628413/, Bolden, Jonah
https://stats.nba.com/player/1629067/, Bonga, Isaac
https://stats.nba.com/player/1626164/, Booker, Devin
https://stats.nba.com/player/1628449/, Boucher, Chris
https://stats.nba.com/player/202340/, Bradley, Avery
https://stats.nba.com/player/1628396/, Bradley, Tony
https://stats.nba.com/player/201147/, Brewer, Corey
https://stats.nba.com/player/1628969/, Bridges, Mikal
https://stats.nba.com/player/1628970/, Bridges, Miles
https://stats.nba.com/player/1628515/, Briscoe, Isaiah
https://stats.nba.com/player/1629151/, Broekhoff, Ryan
https://stats.nba.com/player/1627763/, Brogdon, Malcolm
https://stats.nba.com/player/1628415/, Brooks, Dillon
https://stats.nba.com/player/202705/, Brooks, MarShon
https://stats.nba.com/player/1628971/, Brown, Bruce
https://stats.nba.com/player/1627759/, Brown, Jaylen
https://stats.nba.com/player/203485/, Brown, Lorenzo
https://stats.nba.com/player/1628425/, Brown, Sterling
https://stats.nba.com/player/1628972/, Brown Jr., Troy
https://stats.nba.com/player/1628973/, Brunson, Jalen
https://stats.nba.com/player/1628418/, Bryant, Thomas
https://stats.nba.com/player/203493/, Bullock, Reggie
https://stats.nba.com/player/203504/, Burke, Trey
https://stats.nba.com/player/202692/, Burks, Alec
https://stats.nba.com/player/1629126/, Burton, Deonte
https://stats.nba.com/player/202710/, Butler, Jimmy
https://stats.nba.com/player/203998/, Caboclo, Bruno
https://stats.nba.com/player/101181/, Calderon, Jose
https://stats.nba.com/player/203484/, Caldwell-Pope, Kentavious
https://stats.nba.com/player/203477/, Canaan, Isaiah
https://stats.nba.com/player/203991/, Capela, Clint
https://stats.nba.com/player/201960/, Carroll, DeMarre
https://stats.nba.com/player/1628975/, Carter, Jevon
https://stats.nba.com/player/1713/, Carter, Vince
https://stats.nba.com/player/1628976/, Carter Jr., Wendell
https://stats.nba.com/player/203487/, Carter-Williams, Michael
https://stats.nba.com/player/1627936/, Caruso, Alex
https://stats.nba.com/player/201956/, Casspi, Omri
https://stats.nba.com/player/1626161/, Cauley-Stein, Willie
https://stats.nba.com/player/1628505/, Caupain, Troy
https://stats.nba.com/player/1628463/, Cavanaugh, Tyler
https://stats.nba.com/player/2199/, Chandler, Tyson
https://stats.nba.com/player/201163/, Chandler, Wilson
https://stats.nba.com/player/1629147/, Chealey, Joe
https://stats.nba.com/player/1627737/, Chriss, Marquese
https://stats.nba.com/player/1629109/, Clark, Gary
https://stats.nba.com/player/203546/, Clark, Ian
https://stats.nba.com/player/203903/, Clarkson, Jordan
https://stats.nba.com/player/1628381/, Collins, John
https://stats.nba.com/player/1628380/, Collins, Zach
https://stats.nba.com/player/201954/, Collison, Darren
https://stats.nba.com/player/1629045/, Colson, Bonzie
https://stats.nba.com/player/201144/, Conley, Mike
https://stats.nba.com/player/1626192/, Connaughton, Pat
https://stats.nba.com/player/1626188/, Cook, Quinn
https://stats.nba.com/player/1628429/, Cooke, Charles
https://stats.nba.com/player/202326/, Cousins, DeMarcus
https://stats.nba.com/player/203496/, Covington, Robert
https://stats.nba.com/player/203459/, Crabbe, Allen
https://stats.nba.com/player/1628470/, Craig, Torrey
https://stats.nba.com/player/2037/, Crawford, Jamal
https://stats.nba.com/player/1628249/, Creek, Mitchell
https://stats.nba.com/player/203109/, Crowder, Jae
https://stats.nba.com/player/201967/, Cunningham, Dante
https://stats.nba.com/player/203552/, Curry, Seth
https://stats.nba.com/player/201939/, Curry, Stephen
https://stats.nba.com/player/203584/, Daniels, Troy
https://stats.nba.com/player/203076/, Davis, Anthony
https://stats.nba.com/player/1627738/, Davis, Deyonta
https://stats.nba.com/player/202334/, Davis, Ed
https://stats.nba.com/player/1629093/, Davis, Tyler
https://stats.nba.com/player/201942/, DeRozan, DeMar
https://stats.nba.com/player/203473/, Dedmon, Dewayne
https://stats.nba.com/player/1626155/, Dekker, Sam
https://stats.nba.com/player/1629116/, Delgado, Angel
https://stats.nba.com/player/203521/, Dellavedova, Matthew
https://stats.nba.com/player/2736/, Deng, Luol
https://stats.nba.com/player/1629094/, Derrickson, Marcus
https://stats.nba.com/player/1628978/, DiVincenzo, Donte
https://stats.nba.com/player/1627767/, Diallo, Cheick
https://stats.nba.com/player/1628977/, Diallo, Hamidou
https://stats.nba.com/player/203476/, Dieng, Gorgui
https://stats.nba.com/player/203915/, Dinwiddie, Spencer
https://stats.nba.com/player/1629029/, Doncic, Luka
https://stats.nba.com/player/1628416/, Dorsey, Tyler
https://stats.nba.com/player/1628422/, Dotson, Damyean
https://stats.nba.com/player/1628408/, Dozier, PJ
https://stats.nba.com/player/201609/, Dragic, Goran
https://stats.nba.com/player/203083/, Drummond, Andre
https://stats.nba.com/player/201162/, Dudley, Jared
https://stats.nba.com/player/1627739/, Dunn, Kris
https://stats.nba.com/player/201142/, Durant, Kevin
https://stats.nba.com/player/1628979/, Duval, Trevon
https://stats.nba.com/player/1629053/, Edwards, Vincent
https://stats.nba.com/player/1627740/, Ellenson, Henry
https://stats.nba.com/player/201961/, Ellington, Wayne
https://stats.nba.com/player/203954/, Embiid, Joel
https://stats.nba.com/player/203516/, Ennis III, James
https://stats.nba.com/player/1629234/, Eubanks, Drew
https://stats.nba.com/player/1628980/, Evans, Jacob
https://stats.nba.com/player/1628393/, Evans, Jawun
https://stats.nba.com/player/201936/, Evans, Tyreke
https://stats.nba.com/player/203957/, Exum, Dante
https://stats.nba.com/player/202702/, Faried, Kenneth
https://stats.nba.com/player/202324/, Favors, Derrick
https://stats.nba.com/player/1626245/, Felicio, Cristiano
https://stats.nba.com/player/101109/, Felton, Raymond
https://stats.nba.com/player/1628390/, Ferguson, Terrance
https://stats.nba.com/player/1627812/, Ferrell, Yogi
https://stats.nba.com/player/1627827/, Finney-Smith, Dorian
https://stats.nba.com/player/1627854/, Forbes, Bryn
https://stats.nba.com/player/203095/, Fournier, Evan
https://stats.nba.com/player/1628368/, Fox, De'Aaron
https://stats.nba.com/player/204025/, Frazier, Tim
https://stats.nba.com/player/1628982/, Frazier Jr., Melvin
https://stats.nba.com/player/101112/, Frye, Channing
https://stats.nba.com/player/1628365/, Fultz, Markelle
https://stats.nba.com/player/1629117/, Gabriel, Wenyen
https://stats.nba.com/player/201568/, Gallinari, Danilo
https://stats.nba.com/player/204038/, Galloway, Langston
https://stats.nba.com/player/201188/, Gasol, Marc
https://stats.nba.com/player/2200/, Gasol, Pau
https://stats.nba.com/player/200752/, Gay, Rudy
https://stats.nba.com/player/202331/, George, Paul
https://stats.nba.com/player/201959/, Gibson, Taj
https://stats.nba.com/player/1628385/, Giles III, Harry
https://stats.nba.com/player/1628983/, Gilgeous-Alexander, Shai
https://stats.nba.com/player/203497/, Gobert, Rudy
https://stats.nba.com/player/1629164/, Goodwin, Brandon
https://stats.nba.com/player/203932/, Gordon, Aaron
https://stats.nba.com/player/201569/, Gordon, Eric
https://stats.nba.com/player/101162/, Gortat, Marcin
https://stats.nba.com/player/1628984/, Graham, Devonte'
https://stats.nba.com/player/1626203/, Graham, Treveon
https://stats.nba.com/player/203924/, Grant, Jerami
https://stats.nba.com/player/1626170/, Grant, Jerian
https://stats.nba.com/player/1629055/, Grantham, Donte
https://stats.nba.com/player/201980/, Green, Danny
https://stats.nba.com/player/203110/, Green, Draymond
https://stats.nba.com/player/101123/, Green, Gerald
https://stats.nba.com/player/203210/, Green, JaMychal
https://stats.nba.com/player/201145/, Green, Jeff
https://stats.nba.com/player/201933/, Griffin, Blake
https://stats.nba.com/player/1627772/, Hamilton, Daniel
https://stats.nba.com/player/203501/, Hardaway Jr., Tim
https://stats.nba.com/player/201935/, Harden, James
https://stats.nba.com/player/203090/, Harkless, Maurice
https://stats.nba.com/player/1626149/, Harrell, Montrezl
https://stats.nba.com/player/2734/, Harris, Devin
https://stats.nba.com/player/203914/, Harris, Gary
https://stats.nba.com/player/203925/, Harris, Joe
https://stats.nba.com/player/202699/, Harris, Tobias
https://stats.nba.com/player/1626150/, Harrison, Andrew
https://stats.nba.com/player/1627885/, Harrison, Shaquille
https://stats.nba.com/player/1628404/, Hart, Josh
https://stats.nba.com/player/1628392/, Hartenstein, Isaiah
https://stats.nba.com/player/2617/, Haslem, Udonis
https://stats.nba.com/player/202330/, Hayward, Gordon
https://stats.nba.com/player/203089/, Henson, John
https://stats.nba.com/player/1627823/, Hernangomez, Juancho
https://stats.nba.com/player/1626195/, Hernangomez, Willy
https://stats.nba.com/player/1626209/, Hezonja, Mario
https://stats.nba.com/player/1628439/, Hicks, Isaiah
https://stats.nba.com/player/1627741/, Hield, Buddy
https://stats.nba.com/player/1629312/, Highsmith, Haywood
https://stats.nba.com/player/201588/, Hill, George
https://stats.nba.com/player/203524/, Hill, Solomon
https://stats.nba.com/player/1628988/, Holiday, Aaron
https://stats.nba.com/player/201950/, Holiday, Jrue
https://stats.nba.com/player/203200/, Holiday, Justin
https://stats.nba.com/player/204066/, Holland, John
https://stats.nba.com/player/1626178/, Hollis-Jefferson, Rondae
https://stats.nba.com/player/1626158/, Holmes, Richaun
https://stats.nba.com/player/203918/, Hood, Rodney
https://stats.nba.com/player/201143/, Horford, Al
https://stats.nba.com/player/1627863/, House Jr., Danuel
https://stats.nba.com/player/2730/, Howard, Dwight
https://stats.nba.com/player/1628989/, Huerter, Kevin
https://stats.nba.com/player/1626154/, Hunter, RJ
https://stats.nba.com/player/1628990/, Hutchison, Chandler
https://stats.nba.com/player/201586/, Ibaka, Serge
https://stats.nba.com/player/2738/, Iguodala, Andre
https://stats.nba.com/player/101141/, Ilyasova, Ersan
https://stats.nba.com/player/204060/, Ingles, Joe
https://stats.nba.com/player/201281/, Ingram, Andre
https://stats.nba.com/player/1627742/, Ingram, Brandon
https://stats.nba.com/player/202681/, Irving, Kyrie
https://stats.nba.com/player/1628371/, Isaac, Jonathan
https://stats.nba.com/player/1628411/, Iwundu, Wes
https://stats.nba.com/player/1627743/, Jackson, Demetrius
https://stats.nba.com/player/1628402/, Jackson, Frank
https://stats.nba.com/player/1628367/, Jackson, Josh
https://stats.nba.com/player/1628382/, Jackson, Justin
https://stats.nba.com/player/202704/, Jackson, Reggie
https://stats.nba.com/player/1628991/, Jackson Jr., Jaren
https://stats.nba.com/player/2544/, James, LeBron
https://stats.nba.com/player/1628518/, Jefferson, Amile
https://stats.nba.com/player/203098/, Jenkins, John
https://stats.nba.com/player/201973/, Jerebko, Jonas
https://stats.nba.com/player/1628993/, Johnson, Alize
https://stats.nba.com/player/101161/, Johnson, Amir
https://stats.nba.com/player/1629168/, Johnson, BJ
https://stats.nba.com/player/201949/, Johnson, James
https://stats.nba.com/player/1626169/, Johnson, Stanley
https://stats.nba.com/player/204020/, Johnson, Tyler
https://stats.nba.com/player/202325/, Johnson, Wesley
https://stats.nba.com/player/203999/, Jokic, Nikola
https://stats.nba.com/player/1627745/, Jones, Damian
https://stats.nba.com/player/1627883/, Jones, Jalen
https://stats.nba.com/player/203093/, Jones, Terrence
https://stats.nba.com/player/1626145/, Jones, Tyus
https://stats.nba.com/player/1627884/, Jones Jr., Derrick
https://stats.nba.com/player/201599/, Jordan, DeAndre
https://stats.nba.com/player/202709/, Joseph, Cory
https://stats.nba.com/player/1626163/, Kaminsky, Frank
https://stats.nba.com/player/202683/, Kanter, Enes
https://stats.nba.com/player/1628379/, Kennard, Luke
https://stats.nba.com/player/203077/, Kidd-Gilchrist, Michael
https://stats.nba.com/player/1628994/, King, George
https://stats.nba.com/player/1628467/, Kleber, Maxi
https://stats.nba.com/player/202688/, Knight, Brandon
https://stats.nba.com/player/1628995/, Knox, Kevin
https://stats.nba.com/player/1627788/, Korkmaz, Furkan
https://stats.nba.com/player/1628436/, Kornet, Luke
https://stats.nba.com/player/2594/, Korver, Kyle
https://stats.nba.com/player/201585/, Koufos, Kosta
https://stats.nba.com/player/1629066/, Kurucs, Rodions
https://stats.nba.com/player/1628398/, Kuzma, Kyle
https://stats.nba.com/player/203897/, LaVine, Zach
https://stats.nba.com/player/1627746/, Labissiere, Skal
https://stats.nba.com/player/203087/, Lamb, Jeremy
https://stats.nba.com/player/1627774/, Layman, Jake
https://stats.nba.com/player/1627747/, LeVert, Caris
https://stats.nba.com/player/1628388/, Leaf, TJ
https://stats.nba.com/player/201584/, Lee, Courtney
https://stats.nba.com/player/1627814/, Lee, Damion
https://stats.nba.com/player/203458/, Len, Alex
https://stats.nba.com/player/202695/, Leonard, Kawhi
https://stats.nba.com/player/203086/, Leonard, Meyers
https://stats.nba.com/player/202720/, Leuer, Jon
https://stats.nba.com/player/203081/, Lillard, Damian
https://stats.nba.com/player/202391/, Lin, Jeremy
https://stats.nba.com/player/2733/, Livingston, Shaun
https://stats.nba.com/player/1629155/, Lofton, Zach
https://stats.nba.com/player/1626172/, Looney, Kevon
https://stats.nba.com/player/201572/, Lopez, Brook
https://stats.nba.com/player/201577/, Lopez, Robin
https://stats.nba.com/player/201567/, Love, Kevin
https://stats.nba.com/player/200768/, Lowry, Kyle
https://stats.nba.com/player/1628070/, Loyd, Jordan
https://stats.nba.com/player/203564/, Lucas, Kalin
https://stats.nba.com/player/1627789/, Luwawu-Cabarrot, Timothe
https://stats.nba.com/player/1628399/, Lydon, Tyler
https://stats.nba.com/player/1626168/, Lyles, Trey
https://stats.nba.com/player/202714/, Mack, Shelvin
https://stats.nba.com/player/1629133/, Macon, Daryl
https://stats.nba.com/player/1629122/, Macura, J.P.
https://stats.nba.com/player/101133/, Mahinmi, Ian
https://stats.nba.com/player/1627748/, Maker, Thon
https://stats.nba.com/player/1626246/, Marjanovic, Boban
https://stats.nba.com/player/1628374/, Markkanen, Lauri
https://stats.nba.com/player/1626185/, Martin, Jarell
https://stats.nba.com/player/1628412/, Mason, Frank
https://stats.nba.com/player/1628999/, Maten, Yante
https://stats.nba.com/player/202083/, Matthews, Wesley
https://stats.nba.com/player/201601/, Mbah a Moute, Luc
https://stats.nba.com/player/1628769/, McCall, Tahjere
https://stats.nba.com/player/1627775/, McCaw, Patrick
https://stats.nba.com/player/203468/, McCollum, CJ
https://stats.nba.com/player/204456/, McConnell, T.J.
https://stats.nba.com/player/203926/, McDermott, Doug
https://stats.nba.com/player/201580/, McGee, JaVale
https://stats.nba.com/player/203585/, McGruder, Rodney
https://stats.nba.com/player/1628035/, McKinnie, Alfonzo
https://stats.nba.com/player/203463/, McLemore, Ben
https://stats.nba.com/player/203895/, McRae, Jordan
https://stats.nba.com/player/201975/, Meeks, Jodie
https://stats.nba.com/player/1626257/, Mejri, Salah
https://stats.nba.com/player/1629001/, Melton, De'Anthony
https://stats.nba.com/player/1629002/, Metu, Chimezie
https://stats.nba.com/player/203114/, Middleton, Khris
https://stats.nba.com/player/101139/, Miles, CJ
https://stats.nba.com/player/203121/, Miller, Darius
https://stats.nba.com/player/1626259/, Miller, Malcolm
https://stats.nba.com/player/201988/, Mills, Patty
https://stats.nba.com/player/200794/, Millsap, Paul
https://stats.nba.com/player/1629003/, Milton, Shake
https://stats.nba.com/player/202703/, Mirotic, Nikola
https://stats.nba.com/player/1628378/, Mitchell, Donovan
https://stats.nba.com/player/1628513/, Mitrou-Long, Naz
https://stats.nba.com/player/1628370/, Monk, Malik
https://stats.nba.com/player/202328/, Monroe, Greg
https://stats.nba.com/player/1628500/, Moore, Ben
https://stats.nba.com/player/202734/, Moore, E'Twaun
https://stats.nba.com/player/203961/, Moreland, Eric
https://stats.nba.com/player/1628537/, Morris, Jaylen
https://stats.nba.com/player/202694/, Morris, Marcus
https://stats.nba.com/player/202693/, Morris, Markieff
https://stats.nba.com/player/1628420/, Morris, Monte
https://stats.nba.com/player/1628405/, Motley, Johnathan
https://stats.nba.com/player/202389/, Mozgov, Timofey
https://stats.nba.com/player/1626144/, Mudiay, Emmanuel
https://stats.nba.com/player/1627749/, Murray, Dejounte
https://stats.nba.com/player/1627750/, Murray, Jamal
https://stats.nba.com/player/1629058/, Musa, Dzanan
https://stats.nba.com/player/203488/, Muscala, Mike
https://stats.nba.com/player/1629004/, Mykhailiuk, Svi
https://stats.nba.com/player/2403/, Nene, 
https://stats.nba.com/player/1627846/, Nader, Abdel
https://stats.nba.com/player/1626204/, Nance Jr., Larry
https://stats.nba.com/player/203894/, Napier, Shabazz
https://stats.nba.com/player/203526/, Neto, Raul
https://stats.nba.com/player/1627777/, Niang, Georges
https://stats.nba.com/player/201149/, Noah, Joakim
https://stats.nba.com/player/203457/, Noel, Nerlens
https://stats.nba.com/player/1717/, Nowitzki, Dirk
https://stats.nba.com/player/1628373/, Ntilikina, Frank
https://stats.nba.com/player/203263/, Nunnally, James
https://stats.nba.com/player/203994/, Nurkic, Jusuf
https://stats.nba.com/player/1628021/, Nwaba, David
https://stats.nba.com/player/1626220/, O'Neale, Royce
https://stats.nba.com/player/203124/, O'Quinn, Kyle
https://stats.nba.com/player/1628400/, Ojeleye, Semi
https://stats.nba.com/player/1626143/, Okafor, Jahlil
https://stats.nba.com/player/1629059/, Okobo, Elie
https://stats.nba.com/player/1629006/, Okogie, Josh
https://stats.nba.com/player/203506/, Oladipo, Victor
https://stats.nba.com/player/203482/, Olynyk, Kelly
https://stats.nba.com/player/1626224/, Osman, Cedi
https://stats.nba.com/player/1626162/, Oubre Jr., Kelly
https://stats.nba.com/player/2585/, Pachulia, Zaza
https://stats.nba.com/player/203953/, Parker, Jabari
https://stats.nba.com/player/2225/, Parker, Tony
https://stats.nba.com/player/202718/, Parsons, Chandler
https://stats.nba.com/player/202335/, Patterson, Patrick
https://stats.nba.com/player/1628383/, Patton, Justin
https://stats.nba.com/player/101108/, Paul, Chris
https://stats.nba.com/player/1626166/, Payne, Cameron
https://stats.nba.com/player/203901/, Payton, Elfrid
https://stats.nba.com/player/1627780/, Payton II, Gary
https://stats.nba.com/player/1629033/, Pinson, Theo
https://stats.nba.com/player/203486/, Plumlee, Mason
https://stats.nba.com/player/203101/, Plumlee, Miles
https://stats.nba.com/player/1627751/, Poeltl, Jakob
https://stats.nba.com/player/202347/, Pondexter, Quincy
https://stats.nba.com/player/1629008/, Porter Jr., Michael
https://stats.nba.com/player/203490/, Porter Jr., Otto
https://stats.nba.com/player/1626171/, Portis, Bobby
https://stats.nba.com/player/204001/, Porzingis, Kristaps
https://stats.nba.com/player/203939/, Powell, Dwight
https://stats.nba.com/player/1626181/, Powell, Norman
https://stats.nba.com/player/1627816/, Poythress, Alex
https://stats.nba.com/player/1627752/, Prince, Taurean
https://stats.nba.com/player/1628397/, Rabb, Ivan
https://stats.nba.com/player/1626184/, Randle, Chasson
https://stats.nba.com/player/203944/, Randle, Julius
https://stats.nba.com/player/200755/, Redick, JJ
https://stats.nba.com/player/1628432/, Reed, Davon
https://stats.nba.com/player/1629244/, Reynolds, Cameron
https://stats.nba.com/player/1626196/, Richardson, Josh
https://stats.nba.com/player/1627781/, Richardson, Malachi
https://stats.nba.com/player/203085/, Rivers, Austin
https://stats.nba.com/player/203460/, Roberson, Andre
https://stats.nba.com/player/1628421/, Robinson, Devin
https://stats.nba.com/player/1629130/, Robinson, Duncan
https://stats.nba.com/player/1629010/, Robinson, Jerome
https://stats.nba.com/player/1629011/, Robinson, Mitchell
https://stats.nba.com/player/203922/, Robinson III, Glenn
https://stats.nba.com/player/200765/, Rondo, Rajon
https://stats.nba.com/player/201565/, Rose, Derrick
https://stats.nba.com/player/203082/, Ross, Terrence
https://stats.nba.com/player/1626179/, Rozier, Terry
https://stats.nba.com/player/201937/, Rubio, Ricky
https://stats.nba.com/player/1626156/, Russell, D'Angelo
https://stats.nba.com/player/1627734/, Sabonis, Domantas
https://stats.nba.com/player/1629102/, Sampson, Brandon
https://stats.nba.com/player/203967/, Saric, Dario
https://stats.nba.com/player/203107/, Satoransky, Tomas
https://stats.nba.com/player/203471/, Schroder, Dennis
https://stats.nba.com/player/203118/, Scott, Mike
https://stats.nba.com/player/200757/, Sefolosha, Thabo
https://stats.nba.com/player/1627782/, Selden, Wayne
https://stats.nba.com/player/1629012/, Sexton, Collin
https://stats.nba.com/player/1629013/, Shamet, Landry
https://stats.nba.com/player/202697/, Shumpert, Iman
https://stats.nba.com/player/1627783/, Siakam, Pascal
https://stats.nba.com/player/1626296/, Sibert, Jordan
https://stats.nba.com/player/1627732/, Simmons, Ben
https://stats.nba.com/player/203613/, Simmons, Jonathon
https://stats.nba.com/player/1628424/, Simmons, Kobi
https://stats.nba.com/player/1629014/, Simons, Anfernee
https://stats.nba.com/player/203935/, Smart, Marcus
https://stats.nba.com/player/202397/, Smith, Ish
https://stats.nba.com/player/2747/, Smith, JR
https://stats.nba.com/player/201160/, Smith, Jason
https://stats.nba.com/player/1629015/, Smith, Zhaire
https://stats.nba.com/player/1628372/, Smith Jr., Dennis
https://stats.nba.com/player/203503/, Snell, Tony
https://stats.nba.com/player/1629034/, Spalding, Ray
https://stats.nba.com/player/1629016/, Spellman, Omari
https://stats.nba.com/player/203917/, Stauskas, Nik
https://stats.nba.com/player/203474/, Stephens, DJ
https://stats.nba.com/player/202362/, Stephenson, Lance
https://stats.nba.com/player/1628410/, Sumner, Edmond
https://stats.nba.com/player/1628403/, Swanigan, Caleb
https://stats.nba.com/player/1628369/, Tatum, Jayson
https://stats.nba.com/player/201952/, Teague, Jeff
https://stats.nba.com/player/202066/, Temple, Garrett
https://stats.nba.com/player/1628462/, Teodosic, Milos
https://stats.nba.com/player/1629123/, Terrell, Jared
https://stats.nba.com/player/1629150/, Terry, Emanuel
https://stats.nba.com/player/1628464/, Theis, Daniel
https://stats.nba.com/player/202738/, Thomas, Isaiah
https://stats.nba.com/player/1629017/, Thomas, Khyri
https://stats.nba.com/player/202498/, Thomas, Lance
https://stats.nba.com/player/202691/, Thompson, Klay
https://stats.nba.com/player/202684/, Thompson, Tristan
https://stats.nba.com/player/1628414/, Thornwell, Sindarius
https://stats.nba.com/player/201229/, Tolliver, Anthony
https://stats.nba.com/player/1626157/, Towns, Karl-Anthony
https://stats.nba.com/player/1629018/, Trent Jr., Gary
https://stats.nba.com/player/1629019/, Trier, Allonzo
https://stats.nba.com/player/200782/, Tucker, PJ
https://stats.nba.com/player/202323/, Turner, Evan
https://stats.nba.com/player/1626167/, Turner, Myles
https://stats.nba.com/player/202327/, Udoh, Ekpe
https://stats.nba.com/player/1627755/, Ulis, Tyler
https://stats.nba.com/player/202685/, Valanciunas, Jonas
https://stats.nba.com/player/1627756/, Valentine, Denzel
https://stats.nba.com/player/1627832/, VanVleet, Fred
https://stats.nba.com/player/1629020/, Vanderbilt, Jarred
https://stats.nba.com/player/203943/, Vonleh, Noah
https://stats.nba.com/player/202696/, Vucevic, Nikola
https://stats.nba.com/player/2548/, Wade, Dwyane
https://stats.nba.com/player/1629021/, Wagner, Moritz
https://stats.nba.com/player/203079/, Waiters, Dion
https://stats.nba.com/player/202689/, Walker, Kemba
https://stats.nba.com/player/1629022/, Walker IV, Lonnie
https://stats.nba.com/player/202322/, Wall, John
https://stats.nba.com/player/1627820/, Wallace, Tyrone
https://stats.nba.com/player/202954/, Wanamaker, Brad
https://stats.nba.com/player/203933/, Warren, T.J.
https://stats.nba.com/player/1627395/, Washburn, Julian
https://stats.nba.com/player/1629139/, Watanabe, Yuta
https://stats.nba.com/player/1629118/, Welsh, Thomas
https://stats.nba.com/player/201566/, Westbrook, Russell
https://stats.nba.com/player/1628401/, White, Derrick
https://stats.nba.com/player/1627855/, White, Okaro
https://stats.nba.com/player/1627785/, Whitehead, Isaiah
https://stats.nba.com/player/202355/, Whiteside, Hassan
https://stats.nba.com/player/203952/, Wiggins, Andrew
https://stats.nba.com/player/1626210/, Williams, Alan
https://stats.nba.com/player/203710/, Williams, C.J.
https://stats.nba.com/player/1629140/, Williams, Johnathan
https://stats.nba.com/player/1629026/, Williams, Kenrich
https://stats.nba.com/player/101150/, Williams, Lou
https://stats.nba.com/player/101107/, Williams, Marvin
https://stats.nba.com/player/1627786/, Williams, Troy
https://stats.nba.com/player/1629057/, Williams III, Robert
https://stats.nba.com/player/1628391/, Wilson, D.J.
https://stats.nba.com/player/1626159/, Winslow, Justise
https://stats.nba.com/player/1626174/, Wood, Christian
https://stats.nba.com/player/1626153/, Wright, Delon
https://stats.nba.com/player/1627824/, Yabusele, Guerschon
https://stats.nba.com/player/201156/, Young, Nick
https://stats.nba.com/player/201152/, Young, Thaddeus
https://stats.nba.com/player/1629027/, Young, Trae
https://stats.nba.com/player/1627753/, Zhou,Qi
https://stats.nba.com/player/203469/, Zeller, Cody
https://stats.nba.com/player/203092/, Zeller, Tyler
https://stats.nba.com/player/1627790/, Zizic, Ante
https://stats.nba.com/player/1627826/, Zubac, Ivica
